Category,Positive Feedback,Negative Feedback
Listening,"Students actively engaged in listening.","Some students struggled with long audio segments."
Listening,"The audio was clear and engaging, leading to high participation.","Background noise occasionally disrupted comprehension."
Listening,"Students demonstrated excellent focus during listening sessions.","Some students missed key details in the lecture."
Listening,"Active listening was observed with consistent note-taking.","Some found the audio content monotonous."
Listening,"Students were attentive and responsive during listening exercises.","Long segments without interaction caused fatigue."
Listening,"Engagement levels were high during listening periods.","A few students appeared distracted during audio sessions."
Listening,"Listening activities promoted thoughtful reflection.","Some students had difficulty retaining auditory information."
Listening,"Students efficiently processed spoken information.","There were moments when clarity was compromised."
Listening,"The session’s audio was well-structured and appealing.","Certain parts of the audio were too fast-paced."
Listening,"Students showed great improvement in listening skills.","Occasionally, the listening tasks were too challenging."
Individual Thinking,"Students demonstrated strong independent problem-solving skills.","Some students hesitated to form their own opinions."
Individual Thinking,"Critical thinking was evident in individual assignments.","A few students struggled with self-reliance."
Individual Thinking,"Innovative solutions were frequently generated individually.","Some students lacked confidence in their ideas."
Individual Thinking,"Independent thinking fostered creative approaches to problems.","There were instances of over-dependence on group input."
Individual Thinking,"Students excelled at individual analysis and reasoning.","A few students found solitary tasks overwhelming."
Individual Thinking,"The ability to think independently was well-developed.","Some responses indicated uncertainty in individual judgment."
Individual Thinking,"Students showcased remarkable self-driven insights.","Certain students required extra guidance for independent work."
Individual Thinking,"Individual assignments revealed diverse and original thoughts.","Some individual efforts were not fully developed."
Individual Thinking,"Students displayed commendable personal insights.","A few struggled to articulate their ideas clearly."
Individual Thinking,"The classroom environment encouraged robust independent thinking.","Some tasks resulted in incomplete reasoning."
Group Activity,"Students collaborated effectively in group settings.","Some groups faced challenges with coordination."
Group Activity,"Teamwork and peer support were strongly evident.","Unequal participation was occasionally observed."
Group Activity,"Collaborative projects resulted in innovative outcomes.","Certain groups struggled with conflict resolution."
Group Activity,"Group discussions enhanced collective problem solving.","Some groups experienced miscommunication issues."
Group Activity,"Students worked harmoniously during group tasks.","Instances of dominant personalities affected participation."
Group Activity,"Effective communication was a hallmark of group activities.","Some projects lacked clear leadership."
Group Activity,"Students demonstrated excellent teamwork.","A few groups had difficulties with task delegation."
Group Activity,"Group activities fostered mutual support and creativity.","Some teams failed to meet project deadlines."
Group Activity,"Collaborative efforts led to high-quality results.","Inconsistent participation affected overall performance."
Group Activity,"Group work was engaging and productive.","Coordination issues sometimes hindered success."
Answer Questions,"Students provided clear and accurate responses during Q&A.","Some answers lacked sufficient detail."
Answer Questions,"Responses demonstrated a deep understanding of the material.","A few answers were overly brief."
Answer Questions,"The quality of answers was consistently high.","Occasionally, responses did not fully address the question."
Answer Questions,"Students answered with confidence and precision.","Some responses were ambiguous."
Answer Questions,"Well-articulated answers indicated thorough preparation.","There were instances of incomplete answers."
Answer Questions,"Q&A sessions revealed strong comprehension.","Some answers were misinterpreted."
Answer Questions,"Students' responses were insightful and detailed.","A few answers did not meet expected standards."
Answer Questions,"Interactive Q&A sessions boosted clarity.","Some responses lacked clarity."
Answer Questions,"Answers reflected careful thought and accuracy.","A few responses missed key points."
Answer Questions,"Students excelled in articulating their answers.","Occasionally, responses were off-topic."
Ask Questions,"Students asked insightful questions that stimulated discussion.","Some questions were off-topic or unclear."
Ask Questions,"Curiosity was evident in the quality of questions posed.","A few questions lacked depth."
Ask Questions,"Engaging questions enriched the class discussion.","Some inquiries were not relevant."
Ask Questions,"Students demonstrated keen interest through their questions.","A few questions disrupted the flow."
Ask Questions,"The range of questions showed diverse thought.","Some inquiries were too vague."
Ask Questions,"Questions posed were thought-provoking and relevant.","A few questions failed to generate discussion."
Ask Questions,"Students’ questions helped clarify complex topics.","Occasionally, questions were redundant."
Ask Questions,"High-quality questions fostered a collaborative environment.","Some questions did not add value."
Ask Questions,"Students’ inquiries promoted active engagement.","A few questions appeared unprepared."
Ask Questions,"Probing questions led to deeper insights.","Some questions missed the mark."
Whole Class Discussion,"The discussion was inclusive and encouraged diverse viewpoints.","Some students were reluctant to contribute."
Whole Class Discussion,"Class dialogue was dynamic and interactive.","A few voices dominated the conversation."
Whole Class Discussion,"Students engaged in thoughtful, group-wide discussions.","Some discussions veered off topic."
Whole Class Discussion,"The entire class participated actively.","Not all students had equal opportunities to speak."
Whole Class Discussion,"Discussions provided a platform for varied opinions.","Some sessions lacked structure."
Whole Class Discussion,"Interactions were rich and engaging.","At times, discussions became chaotic."
Whole Class Discussion,"Group dialogue fostered a sense of community.","Some contributions were superficial."
Whole Class Discussion,"Open exchanges led to diverse ideas.","Certain students remained silent."
Whole Class Discussion,"Class discussions enhanced mutual understanding.","Occasionally, discussions lacked focus."
Whole Class Discussion,"Engaging discussions promoted active learning.","Some interactions were less productive."
Student Presentations,"Presentations were well-organized and confidently delivered.","Some presentations suffered from nervousness."
Student Presentations,"Students used visuals effectively during their presentations.","A few presentations lacked clear structure."
Student Presentations,"The delivery was engaging and articulate.","Some presentations were rushed."
Student Presentations,"Presenters demonstrated thorough preparation.","A few presentations were difficult to follow."
Student Presentations,"Presentations showcased creativity and clarity.","Some were under-rehearsed."
Student Presentations,"The content was informative and well-researched.","Occasionally, presentations lacked depth."
Student Presentations,"Presentations highlighted strong communication skills.","Some faced technical issues."
Student Presentations,"Students effectively conveyed their ideas.","A few presentations lacked audience engagement."
Student Presentations,"The overall quality of presentations was high.","Some presenters struggled with public speaking."
Student Presentations,"Presentations reflected strong individual effort and teamwork.","Occasionally, delivery was inconsistent."
Test/Quiz,"Assessments revealed a solid understanding of the material.","Some test questions were ambiguous."
Test/Quiz,"Students performed well on quizzes, indicating good preparation.","A few responses were incomplete."
Test/Quiz,"Tests were well-designed to evaluate student knowledge.","Some items did not align with taught content."
Test/Quiz,"Quiz results demonstrated high comprehension.","Occasionally, questions were misunderstood."
Test/Quiz,"Examinations reflected careful study and mastery.","Some questions led to confusion."
Test/Quiz,"Students showed impressive results on quizzes.","A few questions were too challenging."
Test/Quiz,"Quizzes effectively measured learning.","Some assessments did not capture true ability."
Test/Quiz,"Test sessions provided clear insight into progress.","Occasionally, quizzes caused anxiety."
Test/Quiz,"Examinations were thorough and comprehensive.","Some items were perceived as tricky."
Test/Quiz,"Quiz performances indicated consistent effort.","At times, tests did not measure understanding accurately."
Waiting,"Students remained calm and composed during downtime.","Extended waiting led to decreased focus."
Waiting,"Periods of waiting were used for reflection.","Some students appeared restless during idle times."
Waiting,"Students utilized waiting periods for self-paced review.","Excessive waiting sometimes reduced engagement."
Waiting,"Quiet moments allowed for personal reflection.","Long waits caused minor disengagement."
Waiting,"Students maintained patience during waiting periods.","Unstructured waiting occasionally led to distraction."
Waiting,"The classroom stayed orderly during waiting times.","Some lost interest during extended waits."
Waiting,"Downtime was managed efficiently and peacefully.","Occasionally, waiting periods were unproductive."
Waiting,"Students used waiting time to consolidate learning.","Extended waiting diminished classroom energy."
Waiting,"Waiting periods provided opportunities for self-assessment.","Some found the waiting dull."
Waiting,"Well-managed waiting times supported a calm atmosphere.","Prolonged waiting sometimes impacted motivation."
Other,"Miscellaneous activities added variety to the class.","Some tasks were not directly related to learning."
Other,"Other educational tasks contributed to a dynamic environment.","A few activities lacked clear purpose."
Other,"Diverse tasks enriched the overall learning experience.","Certain ad-hoc tasks seemed disorganized."
Other,"Various additional projects supported creative learning.","Some activities diverted focus."
Other,"Other classroom tasks enhanced engagement.","A few were perceived as unnecessary."
Other,"Diverse approaches in extra tasks stimulated interest.","Occasionally, activities were not well-structured."
Other,"Additional tasks provided a refreshing change in routine.","Some were poorly executed."
Other,"Creative projects beyond the curriculum were appreciated.","Extra activities sometimes caused distraction."
Other,"Varied tasks encouraged exploration and creativity.","Some tasks were not clearly defined."
Other,"Additional educational engagements offered valuable insights.","Occasionally, these tasks lacked relevance."
Lecture,"Lectures were informative and engaging, sparking curiosity.","Some lectures lacked interactive elements."
Lecture,"The teacher’s lectures were well-organized and clear.","A few lectures were too monotonous."
Lecture,"Lectures provided in-depth knowledge of the subject.","Certain lectures did not address all questions."
Lecture,"The delivery was dynamic and compelling.","Some lectures failed to capture attention."
Lecture,"Content-rich lectures offered valuable insights.","Occasionally, lectures were too fast-paced."
Lecture,"Lectures stimulated critical thinking and discussion.","Some felt overly theoretical."
Lecture,"Students appreciated the structure and clarity of lectures.","At times, practical examples were missing."
Lecture,"The teacher’s lectures were both informative and engaging.","Some lectures lacked variety."
Lecture,"Lectures promoted deep understanding of key concepts.","A few lectures were perceived as dry."
Lecture,"Well-prepared lectures enhanced overall comprehension.","Sometimes, lectures did not resonate with all students."
Realtime Writing,"Live writing sessions clarified complex ideas effectively.","The pace sometimes overwhelmed students."
Realtime Writing,"Real-time writing helped illustrate key points clearly.","Occasional errors led to confusion."
Realtime Writing,"The immediacy of live writing added energy to the lesson.","Some segments were hard to follow."
Realtime Writing,"Live writing demonstrated the thought process behind solving problems.","Frequent corrections distracted from content."
Realtime Writing,"Real-time writing provided dynamic visual support.","Some students found the format less engaging."
Realtime Writing,"Live writing made abstract ideas more concrete.","At times, it did not keep pace with discussion."
Realtime Writing,"The clarity of live written notes was commendable.","Some parts were difficult to read."
Realtime Writing,"Real-time writing added an interactive element to class.","Occasionally, errors confused the audience."
Realtime Writing,"The spontaneity of live writing kept students attentive.","Some moments lacked structure."
Realtime Writing,"Live writing was effective for demonstrating concepts.","There were moments when it disrupted the flow."
Moving/Guiding,"The teacher’s movement around the classroom kept students engaged.","Frequent movement sometimes disrupted the flow."
Moving/Guiding,"Guidance and physical presence were effective during activities.","Some transitions felt rushed due to constant movement."
Moving/Guiding,"Active movement helped maintain student attention.","At times, the movement was distracting."
Moving/Guiding,"The teacher efficiently navigated the classroom to assist students.","Some found frequent movement unsettling."
Moving/Guiding,"Movement around the class enhanced the learning environment.","Occasionally, excessive movement interfered with concentration."
Moving/Guiding,"Effective guiding helped students understand complex concepts.","Some movements were too abrupt."
Moving/Guiding,"The teacher's proactive movement provided timely support.","At times, guidance seemed sporadic."
Moving/Guiding,"Well-coordinated movement facilitated active learning.","Some moments disrupted group activities."
Moving/Guiding,"The dynamic presence of the teacher was beneficial.","Instances of movement led to minor distractions."
Moving/Guiding,"Teacher movement and guidance maintained a lively classroom.","Occasionally, excessive guiding interrupted work."
Answer Question,"The teacher provided clear and precise answers during Q&A sessions.","Some explanations were too brief."
Answer Question,"Responses during class were thorough and insightful.","A few answers lacked necessary depth."
Answer Question,"The teacher's answers clarified complex topics effectively.","Occasionally, responses did not resolve all doubts."
Answer Question,"Direct answers contributed to better subject understanding.","Some answers were overly simplistic."
Answer Question,"The clarity of responses was commendable.","A few responses were confusing."
Answer Question,"Teacher responses were detailed and informative.","Sometimes, answers were delivered too quickly."
Answer Question,"Clear and concise answers boosted student confidence.","There were moments when answers missed details."
Answer Question,"The teacher's explanations were well-articulated.","Some answers lacked supporting examples."
Answer Question,"Timely answers during sessions were very helpful.","Occasionally, responses did not address all queries."
Answer Question,"The precision in answers enhanced overall comprehension.","Some responses were delivered in a rushed manner."
Pose Question,"The questions posed stimulated critical thinking among students.","Some questions were overly challenging."
Pose Question,"Thought-provoking questions encouraged deep discussion.","At times, questions did not align with readiness."
Pose Question,"Well-formulated questions spurred engaging discussions.","Some questions failed to inspire inquiry."
Pose Question,"Questions posed were relevant and insightful.","Occasionally, questions confused part of the class."
Pose Question,"The teacher’s questions fostered active participation.","A few questions seemed too abstract."
Pose Question,"Questions were designed to challenge and motivate students.","Some did not generate responses."
Pose Question,"The variety in questions encouraged broad thinking.","At times, questions were too general."
Pose Question,"Insightful questions led to lively debates.","Some were perceived as off-topic."
Pose Question,"Questions promoted a deeper understanding of material.","A few lacked clarity."
Pose Question,"Engaging questions created an interactive environment.","Occasionally, questions did not resonate."
Follow-up,"Follow-up sessions effectively addressed lingering queries.","Some discussions were too brief."
Follow-up,"The follow-up reinforced key concepts and clarified doubts.","A few sessions felt rushed."
Follow-up,"Additional follow-up provided valuable reinforcement.","Not all students received enough time."
Follow-up,"Thorough follow-up helped solidify understanding.","Some interactions were less detailed."
Follow-up,"The teacher’s follow-up ensured clarity on complex topics.","Occasionally, sessions were superficial."
Follow-up,"Follow-up discussions deepened comprehension.","A few sessions lacked structure."
Follow-up,"Effective follow-up clarified misunderstandings.","Some moments did not fully resolve confusion."
Follow-up,"The follow-up phase was constructive and informative.","Certain discussions were brief."
Follow-up,"Follow-up activities ensured continuous learning.","At times, not all students engaged."
Follow-up,"Detailed follow-up sessions reinforced the lesson effectively.","Occasionally, sessions were not comprehensive."
1-on-1 Discussion,"Individual discussions boosted student confidence and understanding.","Time constraints limited depth."
1-on-1 Discussion,"Personalized interactions provided tailored feedback.","Some students did not get enough one-on-one time."
1-on-1 Discussion,"Private discussions fostered a supportive learning environment.","Limited time sometimes hindered detail."
1-on-1 Discussion,"Individual attention allowed for customized support.","A few sessions felt rushed."
1-on-1 Discussion,"Personalized sessions enhanced clarity on difficult topics.","Some interactions were too brief."
1-on-1 Discussion,"The teacher’s one-on-one attention improved performance.","Not all students benefited equally."
1-on-1 Discussion,"Focused discussions allowed for targeted feedback.","Occasionally, sessions lacked depth."
1-on-1 Discussion,"Personal meetings helped address specific needs.","Some sessions were interrupted by scheduling issues."
1-on-1 Discussion,"Individual discussions fostered better understanding.","A few sessions did not fully address queries."
1-on-1 Discussion,"Private conversations provided a safe space for inquiry.","Time limitations sometimes restricted discussion."
Demonstrate/Video,"Visual demonstrations effectively clarified complex concepts.","Some videos were too long or lacked relevance."
Demonstrate/Video,"The use of multimedia enhanced comprehension.","A few demonstrations were poorly integrated."
Demonstrate/Video,"Videos and demonstrations made abstract ideas concrete.","Technical difficulties occasionally disrupted presentations."
Demonstrate/Video,"Multimedia content provided engaging visual support.","Some videos did not capture the intended message."
Demonstrate/Video,"Demonstrations and videos catered to various learning styles.","Occasionally, video content was outdated."
Demonstrate/Video,"The integration of visual aids enhanced understanding.","Some demonstrations were less interactive."
Demonstrate/Video,"Effective use of videos boosted student engagement.","At times, demonstrations were too brief."
Demonstrate/Video,"Visual aids made the subject matter more accessible.","Some videos did not resonate with every student."
Demonstrate/Video,"Multimedia presentations enriched the learning experience.","There were moments when video quality was poor."
Demonstrate/Video,"The combination of demonstrations and videos provided clear insights.","Occasionally, video segments were too fast-paced."
Administrative Tasks,"Efficient administrative tasks maintained classroom structure.","Some tasks occasionally interrupted teaching."
Administrative Tasks,"Well-managed administrative duties ensured smooth transitions.","A few tasks were perceived as redundant."
Administrative Tasks,"Organized processes supported a positive learning environment.","Excessive tasks sometimes distracted from instruction."
Administrative Tasks,"Clear procedures contributed to classroom order.","Some duties were too time-consuming."
Administrative Tasks,"Effective handling of tasks kept the class on schedule.","Occasionally, administrative work disrupted lessons."
Administrative Tasks,"Timely completion of tasks streamlined class activities.","Some duties detracted from instructional time."
Administrative Tasks,"Administrative efficiency enhanced classroom management.","At times, tasks were not clearly defined."
Administrative Tasks,"Well-coordinated efforts minimized disruptions.","Some administrative tasks lacked clarity."
Administrative Tasks,"Organized routines promoted a calm atmosphere.","Occasionally, processes slowed down the pace."
Administrative Tasks,"Effective management of duties contributed to a smooth-running class.","Some tasks were seen as unnecessary."
